{"records": [{"adm0_name": "Mauritius", "adm0_code": 160, "population": 43525, "loss": 255449142.53158686, "wind_cat": {"3": 43310, "4": 215}, "adm1": [{"adm1_name": "Administrative unit not available", "adm1_code": 2017, "population": 43525, "loss": 255449142.53158686, "wind_cat": {"3": 43310, "4": 215}, "adm2": [{"adm2_name": "Administrative unit not available", "adm2_code": 19535, "population": 43525, "loss": 255449142.53158686, "wind_cat": {"3": 43310, "4": 215}}]}]}]}