{"records": [{"adm0_name": "Mauritius", "adm0_code": 160, "population": 43525, "loss": 2680289.8235654416, "wind_cat": {"1": 27076, "2": 16449}, "adm1": [{"adm1_name": "Administrative unit not available", "adm1_code": 2017, "population": 43525, "loss": 2680289.8235654416, "wind_cat": {"1": 27076, "2": 16449}, "adm2": [{"adm2_name": "Administrative unit not available", "adm2_code": 19535, "population": 43525, "loss": 2680289.8235654416, "wind_cat": {"1": 27076, "2": 16449}}]}]}, {"adm0_name": "Seychelles", "adm0_code": 220, "population": 0, "loss": 39667.7632795114, "wind_cat": {"2": 0}, "adm1": [{"adm1_name": "Beau Vallon", "adm1_code": 61146, "population": 0, "loss": 39667.7632795114, "wind_cat": {"2": 0}, "adm2": [{"adm2_name": "Administrative unit not available", "adm2_code": 61222, "population": 0, "loss": 39667.7632795114, "wind_cat": {"2": 0}}]}]}]}