{"records": [{"adm0_name": "R\u00e9union", "adm0_code": 206, "population": 704518, "loss": 6883932.63898373, "wind_cat": {"0": 12829, "1": 654543, "2": 37146}, "adm1": [{"adm1_name": "Arrondissement_du_vent", "adm1_code": 2590, "population": 256754, "loss": 1675455.9792811475, "wind_cat": {"0": 1157, "1": 242782, "2": 12815}, "adm2": [{"adm2_name": "Administrative unit not available", "adm2_code": 25273, "population": 256754, "loss": 1675455.9792811475, "wind_cat": {"0": 1157, "1": 242782, "2": 12815}}]}, {"adm1_name": "Arrondissement_souse_le_vent", "adm1_code": 2591, "population": 447764, "loss": 5208476.659702583, "wind_cat": {"0": 11672, "1": 411761, "2": 24331}, "adm2": [{"adm2_name": "Administrative unit not available", "adm2_code": 25274, "population": 447764, "loss": 5208476.659702583, "wind_cat": {"0": 11672, "1": 411761, "2": 24331}}]}]}]}