{"records": [{"adm0_name": "Mauritius", "adm0_code": 160, "population": 43525, "loss": 14459.2651849678, "wind_cat": {"0": 43469, "1": 56}, "adm1": [{"adm1_name": "Administrative unit not available", "adm1_code": 2017, "population": 43525, "loss": 14459.2651849678, "wind_cat": {"0": 43469, "1": 56}, "adm2": [{"adm2_name": "Administrative unit not available", "adm2_code": 19535, "population": 43525, "loss": 14459.2651849678, "wind_cat": {"0": 43469, "1": 56}}]}]}]}