{"records": [{"adm0_name": "Mauritius", "adm0_code": 160, "population": 43525, "loss": 1938402.2824793556, "wind_cat": {"1": 41809, "2": 1716}, "adm1": [{"adm1_name": "Administrative unit not available", "adm1_code": 2017, "population": 43525, "loss": 1938402.2824793556, "wind_cat": {"1": 41809, "2": 1716}, "adm2": [{"adm2_name": "Administrative unit not available", "adm2_code": 19535, "population": 43525, "loss": 1938402.2824793556, "wind_cat": {"1": 41809, "2": 1716}}]}]}]}