{"records": [{"adm0_name": "Mauritius", "adm0_code": 160, "population": 43525, "loss": 30155147.7834905, "wind_cat": {"2": 31848, "3": 11677}, "adm1": [{"adm1_name": "Administrative unit not available", "adm1_code": 2017, "population": 43525, "loss": 30155147.7834905, "wind_cat": {"2": 31848, "3": 11677}, "adm2": [{"adm2_name": "Administrative unit not available", "adm2_code": 19535, "population": 43525, "loss": 30155147.7834905, "wind_cat": {"2": 31848, "3": 11677}}]}]}]}