{"records": [{"adm0_name": "Mauritius", "adm0_code": 160, "population": 43525, "loss": 104697243.93863016, "wind_cat": {"3": 43525}, "adm1": [{"adm1_name": "Administrative unit not available", "adm1_code": 2017, "population": 43525, "loss": 104697243.93863016, "wind_cat": {"3": 43525}, "adm2": [{"adm2_name": "Administrative unit not available", "adm2_code": 19535, "population": 43525, "loss": 104697243.93863016, "wind_cat": {"3": 43525}}]}]}]}