{"records": [{"adm0_name": "R\u00e9union", "adm0_code": 206, "population": 704518, "loss": 15185201.291254304, "wind_cat": {"0": 1492, "1": 493582, "2": 209444}, "adm1": [{"adm1_name": "Arrondissement_du_vent", "adm1_code": 2590, "population": 256754, "loss": 3163891.913862739, "wind_cat": {"1": 181008, "2": 75746}, "adm2": [{"adm2_name": "Administrative unit not available", "adm2_code": 25273, "population": 256754, "loss": 3163891.913862739, "wind_cat": {"1": 181008, "2": 75746}}]}, {"adm1_name": "Arrondissement_souse_le_vent", "adm1_code": 2591, "population": 447764, "loss": 12021309.377391564, "wind_cat": {"0": 1492, "1": 312574, "2": 133698}, "adm2": [{"adm2_name": "Administrative unit not available", "adm2_code": 25274, "population": 447764, "loss": 12021309.377391564, "wind_cat": {"0": 1492, "1": 312574, "2": 133698}}]}]}, {"adm0_name": "Seychelles", "adm0_code": 220, "population": 0, "loss": 0.0106012399, "wind_cat": {"0": 0}, "adm1": [{"adm1_name": "Beau Vallon", "adm1_code": 61146, "population": 0, "loss": 0.0106012399, "wind_cat": {"0": 0}, "adm2": [{"adm2_name": "Administrative unit not available", "adm2_code": 61222, "population": 0, "loss": 0.0106012399, "wind_cat": {"0": 0}}]}]}]}