{"records": [{"adm0_name": "Madagascar", "adm0_code": 150, "population": 2146, "loss": 0.0304950322, "wind_cat": {"0": 2146}, "adm1": [{"adm1_name": "Analanjirofo", "adm1_code": 41753, "population": 513, "loss": 0.0011435567, "wind_cat": {"0": 513}, "adm2": [{"adm2_name": "Toamasina II", "adm2_code": 19271, "population": 513, "loss": 0.0011435567, "wind_cat": {"0": 513}}]}, {"adm1_name": "Atsinanana", "adm1_code": 41758, "population": 1633, "loss": 0.0293514756, "wind_cat": {"0": 1633}, "adm2": [{"adm2_name": "Vohibinany", "adm2_code": 19274, "population": 1633, "loss": 0.0293514756, "wind_cat": {"0": 1633}}]}]}, {"adm0_name": "R\u00e9union", "adm0_code": 206, "population": 597141, "loss": 109296.0257047245, "wind_cat": {"0": 518885, "1": 78256}, "adm1": [{"adm1_name": "Arrondissement_du_vent", "adm1_code": 2590, "population": 179926, "loss": 1512.7246813368, "wind_cat": {"0": 178098, "1": 1828}, "adm2": [{"adm2_name": "Administrative unit not available", "adm2_code": 25273, "population": 179926, "loss": 1512.7246813368, "wind_cat": {"0": 178098, "1": 1828}}]}, {"adm1_name": "Arrondissement_souse_le_vent", "adm1_code": 2591, "population": 417215, "loss": 107783.3010233877, "wind_cat": {"0": 340787, "1": 76428}, "adm2": [{"adm2_name": "Administrative unit not available", "adm2_code": 25274, "population": 417215, "loss": 107783.3010233877, "wind_cat": {"0": 340787, "1": 76428}}]}]}]}