{"records": [{"adm0_name": "Madagascar", "adm0_code": 150, "population": 4111, "loss": 0.1153767387, "wind_cat": {"0": 4111}, "adm1": [{"adm1_name": "Analanjirofo", "adm1_code": 41753, "population": 470, "loss": 0.0021651005, "wind_cat": {"0": 470}, "adm2": [{"adm2_name": "Maroantsetra", "adm2_code": 19265, "population": 470, "loss": 0.0021651005, "wind_cat": {"0": 470}}]}, {"adm1_name": "Sava", "adm1_code": 41768, "population": 3641, "loss": 0.1132116382, "wind_cat": {"0": 3641}, "adm2": [{"adm2_name": "Antalaha", "adm2_code": 19207, "population": 3641, "loss": 0.1132116382, "wind_cat": {"0": 3641}}]}]}, {"adm0_name": "Mauritius", "adm0_code": 160, "population": 43525, "loss": 15785.1092489992, "wind_cat": {"0": 29820, "1": 13705}, "adm1": [{"adm1_name": "Administrative unit not available", "adm1_code": 2017, "population": 43525, "loss": 15785.1092489992, "wind_cat": {"0": 29820, "1": 13705}, "adm2": [{"adm2_name": "Administrative unit not available", "adm2_code": 19535, "population": 43525, "loss": 15785.1092489992, "wind_cat": {"0": 29820, "1": 13705}}]}]}]}