{"records": [{"adm0_name": "Madagascar", "adm0_code": 150, "population": 5444763, "loss": 14479317.58074043, "wind_cat": {"0": 1621232, "1": 2636331, "2": 1174281, "3": 12919}},{"adm0_name": "Mauritius", "adm0_code": 150, "population": 7444763, "loss": 34479317.58074043, "wind_cat": {"0": 2621232, "1": 3636331, "2": 2174281, "3": 1112919}}]}
