{"records": [{"adm0_name": "Madagascar", "adm0_code": 150, "population": 84379, "loss": 2428.3570189451, "wind_cat": {"0": 72153, "1": 12226}, "adm1": [{"adm1_name": "Atsimo Andrefana", "adm1_code": 41756, "population": 84379, "loss": 2428.3570189451, "wind_cat": {"0": 72153, "1": 12226}, "adm2": [{"adm2_name": "Ampanihy", "adm2_code": 19277, "population": 80846, "loss": 2370.113887293, "wind_cat": {"0": 68802, "1": 12044}}, {"adm2_name": "Betioky", "adm2_code": 19284, "population": 3533, "loss": 58.2431316521, "wind_cat": {"0": 3351, "1": 182}}]}]}]}